
create table playerpool(playerid integer,name varchar(20),speciality varchar(20),baseprice integer,nationality varchar(20), primary key (playerid));
insert into playerpool values (1, 'Zaheer Khan', 'Bowler', 5, 'Indian');
insert into playerpool values (2, 'Mayank Agarwal', 'Batsman', 1, 'Indian');
insert into playerpool values (3, 'Carlos Brathwaite', 'All Rounder', 4, 'West Indian');
insert into playerpool values (4, 'Sam Billings', 'Batsman', 4, 'English');
insert into playerpool values (5, 'Nathan Coulter-Nile', 'Bowler', 4, 'Australian');
insert into playerpool values (6, 'Quinton de Kock', 'Wicketkeeper', 4, 'South African');
insert into playerpool values (7, 'Jean-Paul Duminy', 'All Rounder', 4, 'South African');
insert into playerpool values (8, 'Akhil Herwadkar', 'All Rounder', 1, 'Indian');
insert into playerpool values (9, 'Imran Tahir', 'Bowler', 4, 'South African');
insert into playerpool values (10, 'Pawan Negi', 'Bowler', 3, 'Indian');
insert into playerpool values (11, 'Shreyas Iyer', 'Batsman', 4, 'Indian');
insert into playerpool values (12, 'Amit Mishra', 'Bowler', 5, 'Indian');	
insert into playerpool values (13, 'Mohammad Shami', 'Bowler', 5, 'Indian');	
insert into playerpool values (14, 'Chris Morris', 'All Rounder', 4, 'South African');
insert into playerpool values (15, 'Sanju Samson', 'Batsman', 3, 'Indian');	
insert into playerpool values (16, 'Suresh Raina', 'All Rounder', 5, 'Indian');
insert into playerpool values (17, 'Sarabjit Ladda', 'Bowler', 1, 'Indian');
insert into playerpool values (18, 'Dwayne Bravo', 'All Rounder', 4, 'West Indian');
insert into playerpool values (19, 'James Faulkner', 'All Rounder', 4, 'Australian');
insert into playerpool values (20, 'Aaron Finch', 'Batsman', 4, 'Australian');
insert into playerpool values (21, 'Ravindra Jadeja', 'All Rounder', 5, 'Indian');
insert into playerpool values (22, 'Shadab Jakati', 'Bowler', 3, 'Indian');
insert into playerpool values (23, 'Dinesh Karthik', 'Wicketkeeper', 3, 'Indian');
insert into playerpool values (24, 'Praveen Kumar', 'Bowler', 4, 'Indian');
insert into playerpool values (25, 'Brendon McCullum', 'Wicketkeeper', 4, 'New Zealander');
insert into playerpool values (26, 'Dwayne Smith', 'All Rounder', 4, 'West Indian');
insert into playerpool values (27, 'Andrew Tye', 'Bowler', 3, 'Australian');
insert into playerpool values (28, 'Dale Steyn', 'Bowler', 4, 'South African');	
insert into playerpool values (29, 'Dhawal Kulkarni', 'Bowler', 2, 'Indian');
insert into playerpool values (30, 'Paras Dogra', 'Batsman', 1, 'Indian');
insert into playerpool values (31, 'David Miller', 'Batsman', 5, 'South African');
insert into playerpool values (32, 'Kyle Abbott', 'Bowler', 3, 'South African');
insert into playerpool values (33, 'Farhan Behardien', 'All Rounder', 4, 'South African');
insert into playerpool values (34, 'Mitchell Johnson', 'Bowler', 5, 'Australian');	
insert into playerpool values (35, 'Shaun Marsh', 'Batsman', 4, 'Australian');
insert into playerpool values (36, 'Glenn Maxwell', 'All Rounder', 4, 'Australian');
insert into playerpool values (37, 'Axar Patel', 'Bowler', 3, 'Indian');
insert into playerpool values (38, 'Wriddhiman Saha', 'Wicketkeeper', 3, 'Indian');	
insert into playerpool values (39, 'Murali Vijay', 'Batsman', 3, 'Indian');
insert into playerpool values (40, 'Mohit Sharma', 'Bowler', 3, 'Indian');	
insert into playerpool values (41, 'Gautam Gambhir', 'Batsman', 5, 'Indian');
insert into playerpool values (42, 'Piyush Chawla', 'All Rounder', 3, 'Indian');
insert into playerpool values (43, 'John Hastings', 'Bowler', 3, 'Australian');	
insert into playerpool values (44, 'Jason Holder', 'All Rounder', 4, 'West Indian');	
insert into playerpool values (45, 'Sunil Narine', 'Bowler', 4, 'West Indian');	
insert into playerpool values (46, 'Andre Russell', 'All Rounder', 4, 'West Indian');
insert into playerpool values (47, 'Shakib Al Hasan', 'All Rounder', 4, 'Bangladeshi');
insert into playerpool values (48, 'Robin Uthappa', 'Batsman', 4, 'Indian');		
insert into playerpool values (49, 'Yusuf Pathan', 'All Rounder', 5, 'Indian');
insert into playerpool values (50, 'Umesh Yadav', 'Bowler', 5, 'Indian');
insert into playerpool values (51, 'Morne Morkel', 'Bowler', 4, 'Indian');
insert into playerpool values (52, 'Brad Hogg', 'All Rounder', 3, 'Australian');
insert into playerpool values (53, 'Jaydev Unadkat', 'Bowler', 3, 'Indian');

insert into playerpool values(61,'Rohit Sharma','Batsman',5,'Indian');
insert into playerpool values(62,'Corey Anderson','Batsman',4,'Australian')
insert into playerpool values(63,'Jasprit Bumrah','Bowler',5,'Indian');
insert into playerpool values(64,'Unmukt Chand','Batsman',3,'Indian');
insert into playerpool values(65,'Marchant de Lange','Bowler',3,'South African');
insert into playerpool values(66,'Harbhajan Singh','Bowler',5,'Indian');
insert into playerpool values(67,'Lasith Malinga','Bowler',4,'Srilankan');
insert into playerpool values(68,'Hardik Pandya','All Rounder',5,'Indian');
insert into playerpool values(69,'Parthiv Patel','Wicketkeeper',3,'Indian');
insert into playerpool values(70,'Kieron Pollard','All Rounder',4,'West Indian');
insert into playerpool values(71,'Ambati Rayudu','Batsman',3,'Indian');
insert into playerpool values(72,'Lendl Simmons','Batsman',4,'West Indian');
insert into playerpool values(73,'Vinay Kumar','Bowler',3,'Indian');
insert into playerpool values(74,'Akshay Wakhare','Bowler',1,'Indian');
insert into playerpool values(75,'Jitesh Sharma','Batsman',1,'Indian');
insert into playerpool values(76,'MS Dhoni','All Rounder',7,'Indian');
insert into playerpool values(77,'Ankit Sharma','Bowler',3,'Indian');
insert into playerpool values(78,'Baba Aparajith','Bowler',1,'Indian');
insert into playerpool values(79,'Murugan Ashwin','All Rounder',3,'Indian');
insert into playerpool values(80,'Ravichandran Ashwin','Bowler',5,'Indian');
insert into playerpool values(81,'Rajat Bhatia','All Rounder',3,'Indian');
insert into playerpool values(82,'Ashok Dinda','Bowler',3,'Indian');
insert into playerpool values(83,'Faf du Plessis','Batsman',4,'South African');
insert into playerpool values(84,'Jaskaran Singh','Bowler',3,'Indian');
insert into playerpool values(85,'Mitchell Marsh','Batsman',4,'South African');
insert into playerpool values(86,'Albie Morkel','Bowler',3,'South African');
insert into playerpool values(87,'Ishwar Pander','All Rounder',2,'Indian');
insert into playerpool values(88,'Irfan Pathan','All Rounder',3,'Indian');
insert into playerpool values(89,'Thisara Perera','All Rounder',4,'Srilankan');
insert into playerpool values(90,'Kevin Pieterson','Batsman',4,'English');
insert into playerpool values(91,'Ajinkya Rahane','Batsman',5,'Indian');
insert into playerpool values(92,'RP Singh','Bowler',3,'Indian');
insert into playerpool values(93,'Steven Smith','Batsman',4,'Australian');
insert into playerpool values(94,'Saurabh Tiwary','Batsman',3,'Indian');
insert into playerpool values(95,'Virat Kohli','Batsman',7,'Indian');
insert into playerpool values(96,'Varun Aaron','Bowler',3,'Indian');
insert into playerpool values(97,'Abu Nechim','Bowler',3,'Indian');
insert into playerpool values(98,'Samuel Badree','Bowler',4,'West Indian');
insert into playerpool values(99,'Stuart Binny','All Rounder',3,'Indian');
insert into playerpool values(100,'Yuzvendra Chahal','Bowler',2,'Indian');
insert into playerpool values(101,'AB de Villiers','Batsman',7,'South African');
insert into playerpool values(102,'Chris Gayle','Batsman',7,'West Indian');
insert into playerpool values(103,'Iqbal Abdulla','Bowler',3,'Indian');
insert into playerpool values(104,'Kedar Jadhav','Batsman',2,'Indian');
insert into playerpool values(105,'Mandeep Singh','All Rounder',3,'Indian');
insert into playerpool values(106,'Harshal Patel','Batsman',3,'Indian');
insert into playerpool values(107,'Lokesh Rahul','Batsman',3,'Indian');
insert into playerpool values(108,'Kane Richardson','Bowler',2,'Australian');
insert into playerpool values(109,'Mitchell Starc','Bowler',4,'Australian');
insert into playerpool values(110,'Shane Watson','All Rounder',4,'Australian');
insert into playerpool values(111,'David Warner','Batsman',4,'Australian');
insert into playerpool values(112,'Ashish Reddy','All Rounder',3,'Indian');
insert into playerpool values(113,'Bipul Sharma','All Rounder',3,'Indian');
insert into playerpool values(114,'Trent Boult','Bowler',3,'New Zealander');
insert into playerpool values(115,'Shikhar Dhawan','Batsman',5,'Indian');
insert into playerpool values(116,'Moises Henriques','All Rounder',5,'Australian');
insert into playerpool values(117,'Siddharth Kaul','Batsman',2,'Indian');
insert into playerpool values(118,'Deepak Hooda','Batsman',2,'Indian');
insert into playerpool values(119,'Bhuvneshwar Kumar','Bowler',5,'Indian');
insert into playerpool values(120,'Abhimanyu Mithun','Bowler',2,'Indian');
insert into playerpool values(121,'Eoin Morgan','Batsman',5,'English');
insert into playerpool values(122,'Ashish Nehra','Bowler',5,'Indian');
insert into playerpool values(123,'Naman Ojha','Wicketkeeper',2,'Indian');
insert into playerpool values(124,'Karn Sharma','Bowler',2,'Indian');
insert into playerpool values(125,'Barinder Sran','Bowler',3,'Indian');
insert into playerpool values(126,'Aditya Tare','Batsman',3,'Indian');
insert into playerpool values(127,'Kane Williamson','Batsman',4,'New Zealander');
insert into playerpool values(128,'Yuvraj Singh','Batsman',5,'Indian');
insert into playerpool values(129, 'Sachin Tendulkar', 'All Rounder',8,'Indian');

create table teaminfo(teamid varchar(20),teamname varchar(40),coach varchar(20),captain varchar(20), hometown varchar(20), budget integer,num_indian integer, num_foreign integer,iplwins integer, primary key (teamid));
insert into teaminfo values('1A','Rising Pune Supergiants','Stephen Fleming','MS Dhoni','Pune',60,null,null,0);
insert into teaminfo values('1B','Sunrisers Hyderabad','Tom Moody','David Warner','Hyderabad',60,null,null,0);
insert into teaminfo values('1C','Kings XI Punjab','Sanjay Bangar','David Miller','Punjab',60,null,null,0);
insert into teaminfo values('1D','Royal Challengers Bangalore','Ray Jennings','Virat Kohli','Bangalore',60,null,null,0);
insert into teaminfo values('1E','Delhi Daredevils','Paddy Upton','Zaheer Khan','Delhi',60,null,null,0);
insert into teaminfo values('1F','Mumbai Indians','Ricky Ponting','Rohit Sharma','Mumbai',60,null,null,2);
insert into teaminfo values('1G','Kolkatta Knight Riders','Trevor Bayliss','Gautam Gambhir','Kolkatta',60,null,null,2);
insert into teaminfo values('1H','Gujarat Lions','Brad Hodge','Suresh Raina','Gujarat',60,null,null,0);

create table Users(name varchar(20),teamid varchar(20),username varchar(20),password varchar(20), primary key (username), foreign key (teamid) references teaminfo(teamid));
insert into users values('RPSG Group','1A','RPSG','RPSG');
insert into users values('Kalanithi Maran','1B','Kalanithi','Kalanithi');
insert into users values('KPH Dream Pvt Ltd','1C','KPH','KPH');
insert into users values('Vijay Mallya','1D','Vijay','Vijay');
insert into users values('GMR Group','1E','GMR','GMR');
insert into users values('Mukesh Ambani','1F','Mukesh','Mukesh');
insert into users values('Shahrukh Khan','1G','Shahrukh','Shahrukh');
insert into users values('Juhi Chawala','1G','Juhi','Juhi');
insert into users values('Jay Mehta','1G','Jay','Jay');
insert into users values('Intex Technologies','1H','Intex','Intex');

create table playerinfo(playerid integer, name varchar(20), speciality varchar(20), salary integer, 
nationality varchar(20), teamid varchar(20), contract integer, primary key (playerid), foreign key (playerid) references playerpool(playerid), 
foreign key (teamid) references teaminfo(teamid));
insert into playerinfo values (1, 'Zaheer Khan', 'Bowler', 5, 'Indian',null,3);
insert into playerinfo values (2, 'Mayank Agarwal', 'Batsman', 1, 'Indian',null,3);
insert into playerinfo values (3, 'Carlos Brathwaite', 'All Rounder', 4, 'West Indian',null,3);
insert into playerinfo values (4, 'Sam Billings', 'Batsman', 4, 'English',null,3);
insert into playerinfo values (5, 'Nathan Coulter-Nile', 'Bowler', 4, 'Australian',null,3);
insert into playerinfo values (6, 'Quinton de Kock', 'Wicketkeeper', 4, 'South African',null,3);
insert into playerinfo values (7, 'Jean-Paul Duminy', 'All Rounder', 4, 'South African',null,3);
insert into playerinfo values (8, 'Akhil Herwadkar', 'All Rounder', 1, 'Indian',null,3);
insert into playerinfo values (9, 'Imran Tahir', 'Bowler', 4, 'South African',null,3);
insert into playerinfo values (10, 'Pawan Negi', 'Bowler', 3, 'Indian',null,3);
insert into playerinfo values (11, 'Shreyas Iyer', 'Batsman', 4, 'Indian',null,3);
insert into playerinfo values (12, 'Amit Mishra', 'Bowler', 5, 'Indian',null,3);	
insert into playerinfo values (13, 'Mohammad Shami', 'Bowler', 5, 'Indian',null,3);	
insert into playerinfo values (14, 'Chris Morris', 'All Rounder', 4, 'South African',null,3);
insert into playerinfo values (15, 'Sanju Samson', 'Batsman', 3, 'Indian',null,3);	
insert into playerinfo values (16, 'Suresh Raina', 'All Rounder', 5, 'Indian',null,3);
insert into playerinfo values (17, 'Sarabjit Ladda', 'Bowler', 1, 'Indian',null,3);
insert into playerinfo values (18, 'Dwayne Bravo', 'All Rounder', 4, 'West Indian',null,3);
insert into playerinfo values (19, 'James Faulkner', 'All Rounder', 4, 'Australian',null,3);
insert into playerinfo values (20, 'Aaron Finch', 'Batsman', 4, 'Australian',null,3);
insert into playerinfo values (21, 'Ravindra Jadeja', 'All Rounder', 5, 'Indian',null,3);
insert into playerinfo values (22, 'Shadab Jakati', 'Bowler', 3, 'Indian',null,3);
insert into playerinfo values (23, 'Dinesh Karthik', 'Wicketkeeper', 3, 'Indian',null,3);
insert into playerinfo values (24, 'Praveen Kumar', 'Bowler', 4, 'Indian',null,3);
insert into playerinfo values (25, 'Brendon McCullum', 'Wicketkeeper', 4, 'New Zealander',null,3);
insert into playerinfo values (26, 'Dwayne Smith', 'All Rounder', 4, 'West Indian',null,3);
insert into playerinfo values (27, 'Andrew Tye', 'Bowler', 3, 'Australian',null,3);
insert into playerinfo values (28, 'Dale Steyn', 'Bowler', 4, 'South African',null,3);	
insert into playerinfo values (29, 'Dhawal Kulkarni', 'Bowler', 2, 'Indian',null,3);
insert into playerinfo values (30, 'Paras Dogra', 'Batsman', 1, 'Indian',null,3);
insert into playerinfo values (31, 'David Miller', 'Batsman', 5, 'South African',null,3);
insert into playerinfo values (32, 'Kyle Abbott', 'Bowler', 3, 'South African',null,3);
insert into playerinfo values (33, 'Farhan Behardien', 'All Rounder', 4, 'South African',null,3);
insert into playerinfo values (34, 'Mitchell Johnson', 'Bowler', 5, 'Australian',null,3);	
insert into playerinfo values (35, 'Shaun Marsh', 'Batsman', 4, 'Australian',null,3);
insert into playerinfo values (36, 'Glenn Maxwell', 'All Rounder', 4, 'Australian',null,3);
insert into playerinfo values (37, 'Axar Patel', 'Bowler', 3, 'Indian',null,3);
insert into playerinfo values (38, 'Wriddhiman Saha', 'Wicketkeeper', 3, 'Indian',null,3);	
insert into playerinfo values (39, 'Murali Vijay', 'Batsman', 3, 'Indian',null,3);
insert into playerinfo values (40, 'Mohit Sharma', 'Bowler', 3, 'Indian',null,3);	
insert into playerinfo values (41, 'Gautam Gambhir', 'Batsman', 5, 'Indian',null,3);
insert into playerinfo values (42, 'Piyush Chawla', 'All Rounder', 3, 'Indian',null,3);
insert into playerinfo values (43, 'John Hastings', 'Bowler', 3, 'Australian',null,3);	
insert into playerinfo values (44, 'Jason Holder', 'All Rounder', 4, 'West Indian',null,3);	
insert into playerinfo values (45, 'Sunil Narine', 'Bowler', 4, 'West Indian',null,3);	
insert into playerinfo values (46, 'Andre Russell', 'All Rounder', 4, 'West Indian',null,3);
insert into playerinfo values (47, 'Shakib Al Hasan', 'All Rounder', 4, 'Bangladeshi',null,3);
insert into playerinfo values (48, 'Robin Uthappa', 'Batsman', 4, 'Indian',null,3);		
insert into playerinfo values (49, 'Yusuf Pathan', 'All Rounder', 5, 'Indian',null,3);
insert into playerinfo values (50, 'Umesh Yadav', 'Bowler', 5, 'Indian',null,3);
insert into playerinfo values (51, 'Morne Morkel', 'Bowler', 4, 'Indian',null,3);
insert into playerinfo values (52, 'Brad Hogg', 'All Rounder', 3, 'Australian',null,3);
insert into playerinfo values (53, 'Jaydev Unadkat', 'Bowler', 3, 'Indian',null,3);
insert into playerinfo values(61,'Rohit Sharma','Batsman',5,'Indian',null,3);
insert into playerinfo values(62,'Corey Anderson','Batsman',4,'Australian')
insert into playerinfo values(63,'Jasprit Bumrah','Bowler',5,'Indian',null,3);
insert into playerinfo values(64,'Unmukt Chand','Batsman',3,'Indian',null,3);
insert into playerinfo values(65,'Marchant de Lange','Bowler',3,'South African',null,3);
insert into playerinfo values(66,'Harbhajan Singh','Bowler',5,'Indian',null,3);
insert into playerinfo values(67,'Lasith Malinga','Bowler',4,'Srilankan',null,3);
insert into playerinfo values(68,'Hardik Pandya','All Rounder',5,'Indian',null,3);
insert into playerinfo values(69,'Parthiv Patel','Wicketkeeper',3,'Indian',null,3);
insert into playerinfo values(70,'Kieron Pollard','All Rounder',4,'West Indian',null,3);
insert into playerinfo values(71,'Ambati Rayudu','Batsman',3,'Indian',null,3);
insert into playerinfo values(72,'Lendl Simmons','Batsman',4,'West Indian',null,3);
insert into playerinfo values(73,'Vinay Kumar','Bowler',3,'Indian',null,3);
insert into playerinfo values(74,'Akshay Wakhare','Bowler',1,'Indian',null,3);
insert into playerinfo values(75,'Jitesh Sharma','Batsman',1,'Indian',null,3);
insert into playerinfo values(76,'MS Dhoni','All Rounder',7,'Indian',null,3);
insert into playerinfo values(77,'Ankit Sharma','Bowler',3,'Indian',null,3);
insert into playerinfo values(78,'Baba Aparajith','Bowler',1,'Indian',null,3);
insert into playerinfo values(79,'Murugan Ashwin','All Rounder',3,'Indian',null,3);
insert into playerinfo values(80,'Ravichandran Ashwin','Bowler',5,'Indian',null,3);
insert into playerinfo values(81,'Rajat Bhatia','All Rounder',3,'Indian',null,3);
insert into playerinfo values(82,'Ashok Dinda','Bowler',3,'Indian',null,3);
insert into playerinfo values(83,'Faf du Plessis','Batsman',4,'South African',null,3);
insert into playerinfo values(84,'Jaskaran Singh','Bowler',3,'Indian',null,3);
insert into playerinfo values(85,'Mitchell Marsh','Batsman',4,'South African',null,3);
insert into playerinfo values(86,'Albie Morkel','Bowler',3,'South African',null,3);
insert into playerinfo values(87,'Ishwar Pander','All Rounder',2,'Indian',null,3);
insert into playerinfo values(88,'Irfan Pathan','All Rounder',3,'Indian',null,3);
insert into playerinfo values(89,'Thisara Perera','All Rounder',4,'Srilankan',null,3);
insert into playerinfo values(90,'Kevin Pieterson','Batsman',4,'English',null,3);
insert into playerinfo values(91,'Ajinkya Rahane','Batsman',5,'Indian',null,3);
insert into playerinfo values(92,'RP Singh','Bowler',3,'Indian',null,3);
insert into playerinfo values(93,'Steven Smith','Batsman',4,'Australian',null,3);
insert into playerinfo values(94,'Saurabh Tiwary','Batsman',3,'Indian',null,3);
insert into playerinfo values(95,'Virat Kohli','Batsman',7,'Indian',null,3);
insert into playerinfo values(96,'Varun Aaron','Bowler',3,'Indian',null,3);
insert into playerinfo values(97,'Abu Nechim','Bowler',3,'Indian',null,3);
insert into playerinfo values(98,'Samuel Badree','Bowler',4,'West Indian',null,3);
insert into playerinfo values(99,'Stuart Binny','All Rounder',3,'Indian',null,3);
insert into playerinfo values(100,'Yuzvendra Chahal','Bowler',2,'Indian',null,3);
insert into playerinfo values(101,'AB de Villiers','Batsman',7,'South African',null,3);
insert into playerinfo values(102,'Chris Gayle','Batsman',7,'West Indian',null,3);
insert into playerinfo values(103,'Iqbal Abdulla','Bowler',3,'Indian',null,3);
insert into playerinfo values(104,'Kedar Jadhav','Batsman',2,'Indian',null,3);
insert into playerinfo values(105,'Mandeep Singh','All Rounder',3,'Indian',null,3);
insert into playerinfo values(106,'Harshal Patel','Batsman',3,'Indian',null,3);
insert into playerinfo values(107,'Lokesh Rahul','Batsman',3,'Indian',null,3);
insert into playerinfo values(108,'Kane Richardson','Bowler',2,'Australian',null,3);
insert into playerinfo values(109,'Mitchell Starc','Bowler',4,'Australian',null,3);
insert into playerinfo values(110,'Shane Watson','All Rounder',4,'Australian',null,3);
insert into playerinfo values(111,'David Warner','Batsman',4,'Australian',null,3);
insert into playerinfo values(112,'Ashish Reddy','All Rounder',3,'Indian',null,3);
insert into playerinfo values(113,'Bipul Sharma','All Rounder',3,'Indian',null,3);
insert into playerinfo values(114,'Trent Boult','Bowler',3,'New Zealander',null,3);
insert into playerinfo values(115,'Shikhar Dhawan','Batsman',5,'Indian',null,3);
insert into playerinfo values(116,'Moises Henriques','All Rounder',5,'Australian',null,3);
insert into playerinfo values(117,'Siddharth Kaul','Batsman',2,'Indian',null,3);
insert into playerinfo values(118,'Deepak Hooda','Batsman',2,'Indian',null,3);
insert into playerinfo values(119,'Bhuvneshwar Kumar','Bowler',5,'Indian',null,3);
insert into playerinfo values(120,'Abhimanyu Mithun','Bowler',2,'Indian',null,3);
insert into playerinfo values(121,'Eoin Morgan','Batsman',5,'English',null,3);
insert into playerinfo values(122,'Ashish Nehra','Bowler',5,'Indian',null,3);
insert into playerinfo values(123,'Naman Ojha','Wicketkeeper',2,'Indian',null,3);
insert into playerinfo values(124,'Karn Sharma','Bowler',2,'Indian',null,3);
insert into playerinfo values(125,'Barinder Sran','Bowler',3,'Indian',null,3);
insert into playerinfo values(126,'Aditya Tare','Batsman',3,'Indian',null,3);
insert into playerinfo values(127,'Kane Williamson','Batsman',4,'New Zealander',null,3);
insert into playerinfo values(128,'Yuvraj Singh','Batsman',5,'Indian',null,3);
insert into playerinfo values(129, 'Sachin Tendulkar', 'All Rounder',8,'Indian',null,3);

